Level1,Level2,Level3,Level4
CP_Math1,CP_Math2,CP_Math3,CP_Math4
H_Math2,H_Math3,H_Math4,CP_StatsSports
CP_Math1,H_Math3,CP_Math4,CP_StatsProb
CP_Math1,CP_Math2,H_Math3,H_Math4
CP_Math1,CP_Math2,CP_Math3,CP_Math4
CP_Math1,CP_Math2,H_Math4,NA
CP_Math1,H_Math2,H_Math3,CP_Math4
H_Math1,H_Math2,H_Math3,H_Math4
H_Math2,H_Math3,H_Math4,AP_Stats
CP_Math1,CP_Math2,CP_Math3,CP_Math4
H_Math1,H_Math2,H_Math3,H_Math4
CP_Math1,NA,NA,NA
CP_Math1,CP_Math2,CP_Math3,CP_AdvAlgFin
CP_Math1,CP_Math2,CP_Math3,CP_Math4
H_Math2,H_Math4,AP_CalcAB,AP_CalcBC
H_Math3,AP_Stats,H_Calc,CP_AdvAlgFin
H_Math1,H_Math2,H_Math3,H_Math4
CP_Math1,CP_Math2,NA,CP_Math4
H_Math2,H_Math3,H_Math4,CP_StatsProb
H_Math2,H_Math3,H_Math4,H_Calc
CP_Math1,CP_Math2,NA,NA
H_Math1,H_Math2,H_Math3,H_Math4
H_Math1,H_Math2,H_Math3,H_Math4
CP_Math1,CP_Math2,CP_Math3,CP_Math4
CP_Math1,CP_Math2,CP_Math3,H_Math4
CP_Math1,CP_Math2,CP_Math3,CP_Math4
CP_Math1,H_Math2,H_Math4,AP_Stats
CP_Math1,CP_Math2,CP_Math3,CP_Math4
CP_Math1,CP_Math2,CP_Math3,CP_Math4
CP_Math1,CP_Math2,CP_Math4,H_Calc
CP_Math1,CP_Math2,CP_Math3,CP_Math4
H_Math2,H_Math3,H_Math4,CP_AdvAlgFin
CP_Math1,CP_Math2,CP_Math3,CP_Math4
CP_Math1,CP_Math2,CP_Math3A,CP_Math3B
CP_Math1,CP_Math2,CP_Math3A,CP_Math3B
H_Math1,CP_Math2,CP_Math3,CP_Math4
CP_Math1,CP_Math2,NA,NA
CP_Math1,NA,NA,NA
CP_Math1,NA,CP_Math2,NA
CP_Math1,CP_Math2,CP_Math3,CP_Math4
CP_Math1,CP_Math2,CP_Math3A,CP_Math3B
CP_Math1,CP_Math2,CP_Math3,CP_Math4
CP_Math2,CP_Math3,H_Math4,DE_DSU_MTSC122
H_Math1,H_Math2,H_Math3,H_Math4
CP_Math1,CP_Math2,CP_Math3,CP_Math4
CP_Math1,CP_Math2,CP_Math3A,CP_Math3B
H_Math3,H_Math4,AP_CalcAB,AP_CalcBC
H_Math2,H_Math3,H_Math4,H_Calc
H_Math1,CP_Math2,CP_Math3,CP_Math4
H_Math1,H_Math2,H_Math3,H_Math4
CP_Math1,NA,NA,NA
CP_Math1,CP_Math2,NA,CP_Math4
CP_Math1,CP_Math2,H_Math3,H_Math4
H_Math1,H_Math2,CP_Math3,CP_Math4
CP_Math1,CP_Math2,CP_Math3,CP_Math4
H_Math2,H_Math3,H_Math4,AP_CalcAB
H_Math2,H_Math4,H_Calc,CP_AdvAlgFin
H_Math2,H_Math4,AP_Stats,H_Calc
H_Math2,H_Math3,H_Math4,CP_AdvAlgFin
H_Math2,CP_Math3,CP_Math4,CP_AdvAlgFin
CP_Math1,CP_Math2,H_Math3,CP_StatsSports
H_Math1,H_Math2,H_Math3,H_Math4
H_Math2,H_Math3,H_Math4,DE_DSU_MTSC122
H_Math1,H_Math2,H_Math4,CP_AdvAlgFin
H_Math2,H_Math3,H_Math4,H_Calc
CP_Math1,H_Math2,H_Math3,CP_Math4
CP_Math1,CP_Math2,CP_Math3A,CP_Math3B
CP_Math1,CP_Math2,CP_Math3,CP_Math4
CP_Math1,CP_Math2,CP_Math3,CP_StatsProb
H_Math1,H_Math2,H_Math4,H_Calc
H_Math1,H_Math2,H_Math4,AP_Stats
H_Math1,NA,NA,CP_Math3
H_Math2,H_Math3,H_Math4,CP_AdvAlgFin
H_Math1,H_Math2,H_Math3,H_Math4
CP_Math1,H_Math2,H_Math3,H_Math4
CP_Math1,CP_Math2,CP_Math3,CP_Math4
H_Math2,H_Math3,H_Math4,CP_AdvAlgFin
CP_Math1,NA,NA,NA
H_Math1,H_Math2,H_Math4,AP_CalcAB
H_Math2,H_Math3,H_Math4,AP_CalcAB
CP_Math1,CP_Math2,CP_Math3,CP_AdvAlgFin
H_Math1,H_Math2,H_Math4,AP_Stats
CP_Math1,CP_Math2,CP_Math3,CP_AdvAlgFin
H_Math2,H_Math4,AP_Stats,H_Calc
CP_Math1,CP_Math2,CP_Math3,CP_Math4
H_Math1,H_Math2,H_Math3,H_Math4
CP_Math1,CP_Math2,CP_Math3,CP_Math4
CP_Math1,CP_Math2,NA,NA
CP_Math1,CP_Math2,NA,NA
H_Math1,CP_Math2,CP_Math3,CP_Math4
CP_Math1,CP_Math2,H_Math3,CP_StatsSports
CP_Math1,H_Math2,H_Math3,H_Math4
H_Math2,H_Math3,H_Math4,AP_CalcAB
CP_Math1,CP_Math2,CP_Math3A,CP_Math3B
CP_Math1,CP_Math2,CP_Math3,CP_StatsProb
H_Math2,CP_Math3,CP_Math4,CP_StatsSports
H_Math1,CP_Math2,CP_Math3,CP_Math4
H_Math2,H_Math3,H_Math4,CP_StatsSports
H_Math2,H_Math3,H_Math4,AP_Stats
H_Math3,H_Math4,AP_Stats,H_Calc
H_Math2,H_Math3,NA,NA
CP_Math1,CP_Math2,CP_Math3,H_Math4
H_Math2,H_Math3,H_Math4,CP_StatsProb
H_Math2,CP_Math3,CP_Math4,CP_AdvAlgFin
H_Math1,H_Math2,H_Math3,CP_StatsProb
H_Math2,H_Math3,H_Math4,H_Calc
H_Math2,H_Math3,H_Math4,AP_CalcAB
H_Math2,H_Math4,AP_CalcAB,AP_CalcBC
CP_Math1,CP_Math2,CP_Math3,CP_Math4
H_Math2,H_Math3,H_Math4,AP_CalcAB
H_Math2,H_Math3,H_Math4,AP_CalcAB
CP_Math1,CP_Math2,H_Math4,AP_CalcAB
H_Math3,H_Math4,H_Calc,CP_StatsSports
H_Math3,H_Math4,CP_AdvAlgFin,H_Calc
CP_Math1,CP_Math2,CP_Math3,CP_Math4
H_Math3,H_Math4,H_Calc,AP_CalcAB
H_Math3,H_Calc,AP_CalcAB,AP_CalcBC
H_Math1,H_Math2,CP_Math4,CP_StatsProb
H_Math2,H_Math3,H_Math4,CP_AdvAlgFin
CP_Math1,CP_Math2,CP_Math3,CP_Math4
H_Math2,H_Math3,H_Math4,H_Calc
H_Math1,H_Math2,H_Math3,H_Math4
H_Math1,H_Math2,H_Math3,H_Math4
H_Math2,H_Math3,H_Math4,CP_StatsProb
H_Math2,H_Math3,H_Math4,CP_StatsSports
H_Math2,H_Math3,H_Math4,H_Calc
CP_Math1,H_Math2,H_Math3,H_Math4
H_Math2,H_Math3,H_Math4,DE_DSU_MTSC122
CP_Math1,CP_Math2,CP_Math3,H_Math4
H_Math2,H_Math3,H_Math4,CP_AdvAlgFin
H_Math1,H_Math2,H_Math3,H_Math4
CP_Math1,CP_Math2,CP_Math4,CP_AdvAlgFin
H_Math2,H_Math3,H_Math4,NA
H_Math2,H_Math3,H_Math4,CP_AdvAlgFin
H_Math2,H_Math3,H_Math4,AP_Stats
H_Math1,H_Math2,H_Math3,CP_StatsSports
H_Math2,H_Math3,H_Math4,H_Calc
H_Math1,H_Math2,H_Math3,H_Math4
CP_Math1,H_Math2,H_Math3,CP_Math4
H_Math2,H_Math3,H_Math4,CP_StatsProb
H_Math3,AP_Stats,AP_CalcAB,AP_CalcBC
H_Math2,H_Math3,NA,NA
H_Math1,NA,H_Math3,CP_Math4
H_Math2,H_Math4,AP_CalcAB,AP_CalcBC
H_Math1,H_Math2,H_Math3,H_Math4
H_Math2,H_Math4,AP_CalcAB,DE_DSU_MTSC122
H_Math2,H_Math3,H_Math4,H_Calc
H_Math2,H_Math4,AP_CalcAB,AP_Stats
H_Math2,H_Math3,H_Math4,H_Calc
H_Math3,AP_Stats,H_Calc,CP_StatsSports
H_Math2,H_Math4,AP_CalcAB,AP_CalcBC
H_Math2,H_Math3,H_Math4,CP_AdvAlgFin
CP_Math1,CP_Math2,CP_Math3,CP_Math4
CP_Math1,CP_Math2,CP_Math3,CP_AdvAlgFin
CP_Math1,CP_Math2,CP_Math3,CP_Math4
CP_Math1,CP_Math2,CP_Math3,CP_Math4
CP_Math1,CP_Math2,CP_Math3,CP_Math4
CP_Math1,NA,NA,NA
H_Math2,H_Math3,CP_StatsProb,CP_StatsSports
H_Math1,H_Math2,H_Math3,H_Math4
H_Math2,H_Math3,H_Math4,H_Calc
H_Math3,AP_Stats,AP_CalcAB,AP_CalcBC
H_Math2,H_Math3,H_Math4,H_Calc
CP_Math1,CP_Math2,CP_Math3,H_Math4
CP_Math1,CP_Math2,CP_Math3,CP_StatsProb
CP_Math1,CP_Math2,H_Math3,CP_Math4
CP_Math1,NA,NA,NA
CP_Math1,CP_Math2,CP_Math3,CP_Math4
H_Math3,AP_Stats,AP_CalcAB,AP_CalcBC
H_Math1,H_Math2,H_Math3,H_Calc
H_Math1,H_Math2,H_Math3,H_Math4
H_Math2,H_Math3,H_Math4,AP_CalcAB
CP_Math1,NA,CP_Math2,CP_AdvAlgFin
CP_Math1,H_Math2,H_Math3,H_Math4
CP_Math1,CP_Math2,CP_Math3,CP_Math4
CP_Math1,NA,CP_Math3,CP_Math4
CP_Math1,CP_Math2,CP_Math3,CP_Math4
CP_Math1,CP_Math2,CP_Math3,CP_Math4
H_Math2,H_Math3,H_Math4,CP_StatsSports
H_Math1,H_Math2,H_Math3,H_Math4
H_Math1,H_Math2,H_Math3,H_Math4
H_Math2,H_Math3,H_Math4,CP_AdvAlgFin
CP_Math1,CP_Math2,CP_Math3,CP_Math4
H_Math2,H_Math3,H_Math4,H_Calc
H_Math1,H_Math2,CP_Math3,H_Math4
H_Math2,H_Math3,H_Math4,CP_AdvAlgFin
H_Math3,AP_Stats,AP_CalcAB,AP_CalcBC
H_Math2,H_Math3,H_Math4,AP_CalcAB
CP_Math1,CP_Math2,NA,NA
CP_Math1,H_Math2,H_Math3,CP_Math4
H_Math2,H_Math3,H_Math4,H_Calc
CP_Math1,CP_Math2,CP_Math3,CP_Math4
H_Math1,H_Math2,H_Math3,H_Math4
H_Math2,H_Math3,H_Math4,AP_CalcAB
H_Math2,H_Math3,H_Math4,CP_AdvAlgFin
H_Math1,H_Math3,H_Math4,H_Calc
CP_Math1,CP_Math2,H_Math3,H_Math4
CP_Math1,CP_Math2,CP_Math3,H_Math4
H_Math1,H_Math2,H_Math4,CP_StatsProb
H_Math1,CP_Math2,CP_Math3,CP_Math4
CP_Math1,CP_Math2,CP_Math3,CP_Math4
H_Math2,H_Math3,H_Math4,H_Calc
H_Math2,H_Math3,H_Math4,AP_Stats
H_Math3,AP_Stats,AP_CalcAB,AP_CalcBC
H_Math1,H_Math2,H_Math3,H_Math4
H_Math2,H_Math3,H_Math4,H_Calc
H_Math2,H_Math3,H_Math4,CP_AdvAlgFin
CP_Math1,CP_Math2,CP_Math3,CP_StatsProb
CP_Math1,CP_Math2,CP_Math3,H_Math4
CP_Math1,CP_Math2,CP_Math3,CP_AdvAlgFin
CP_Math1,CP_Math2,CP_Math3,CP_Math4
H_Math2,H_Math4,AP_CalcAB,AP_CalcBC
CP_Math1,CP_Math2,CP_Math3,CP_Math4
CP_Math1,CP_Math2,CP_Math3,CP_Math4
CP_Math1,CP_Math2,NA,CP_Math4
CP_Math1,CP_Math2,H_Math3,CP_Math4
H_Math2,NA,NA,NA
H_Math2,H_Math3,H_Math4,AP_Stats
H_Math1,CP_Math2,H_Math3,NA
H_Math3,H_Math4,H_Calc,CP_StatsProb
CP_Math1,CP_Math2,NA,NA
CP_Math1,CP_Math2,CP_Math3,CP_Math4
CP_Math2,CP_Math3,H_Math4,H_Calc
CP_Math1,CP_Math2,H_Math3,CP_Math4
H_Math1,H_Math2,H_Math3,CP_Math4
H_Math1,CP_Math2,CP_Math3,CP_Math4
H_Math2,H_Math3,H_Math4,DE_DSU_MTSC122
CP_Math1,NA,NA,NA
CP_Math1,H_Math2,H_Math3,H_Math4
CP_Math1,NA,CP_Alg2A,CP_Math4
H_Math2,H_Math3,H_Calc,CP_AdvAlgFin
CP_Math1,CP_Math2,H_Math3,CP_StatsSports
H_Math3,H_Math4,CP_StatsProb,CP_StatsSports
CP_Math1,CP_Math2,CP_Math3,CP_StatsSports
H_Math1,H_Math2,CP_Math3,CP_Math4
H_Math2,H_Math3,H_Math4,H_Calc
CP_Math1,CP_Math2,CP_Math3,CP_StatsProb
H_Math2,H_Math3,CP_AdvAlgFin,CP_StatsProb
CP_Math1,CP_Math2,CP_Math3,CP_Math4
CP_Math1,CP_Math2,CP_Math3,CP_StatsSports
CP_Math1,NA,NA,NA
H_Math3,NA,NA,NA
CP_Math1,CP_Math2,H_Math3,H_Math4
CP_Math1,CP_Math2,NA,CP_Math4
CP_Math2,H_Math3,H_Math4,CP_AdvAlgFin
CP_Math1,CP_Math2,CP_Math3,CP_Math4
H_Math2,H_Math3,H_Math4,H_Calc
H_Math3,H_Math4,H_Calc,AP_Stats
H_Math3,H_Math4,AP_Stats,CP_AdvAlgFin
H_Math2,H_Math3,H_Math4,CP_StatsProb
CP_Math1,H_Math2,CP_Math3,CP_Math4
H_Math2,H_Math3,H_Math4,CP_StatsProb
H_Math2,H_Math4,H_Calc,AP_CalcAB
CP_Math1,CP_Math2,CP_Math3,CP_Math4
CP_Math1,CP_Math2,CP_Math3,CP_Math4
CP_Math1,H_Math2,H_Math3,NA
H_Math2,H_Math3,H_Math4,H_Calc
H_Math2,H_Math4,AP_Stats,H_Calc
H_Math2,H_Math4,H_Calc,AP_CalcAB
H_Math2,H_Math3,H_Math4,DE_DSU_MTSC122
H_Math1,H_Math2,H_Math3,H_Math4
H_Math2,H_Math3,H_Math4,CP_AdvAlgFin
CP_Math1,CP_Math2,NA,NA
H_Math2,H_Math4,H_Calc,CP_StatsSports
H_Math3,AP_Stats,AP_CalcAB,AP_CalcBC
H_Math2,H_Math3,H_Math4,H_Calc
H_Math3,H_Math4,AP_CalcAB,AP_Stats
CP_Math1,CP_Math2,H_Math3,H_Math4
CP_Math1,CP_Math2,CP_Math3,H_Math4
CP_Math1,CP_Math2,CP_Math3,CP_Math4
H_Math3,AP_Stats,AP_CalcAB,AP_CalcBC
H_Math2,H_Math3,H_Math4,AP_CalcAB
CP_Math1,CP_Math3,CP_Math4,CP_AdvAlgFin
H_Math1,H_Math3,H_Math4,AP_CalcAB
CP_Math1,CP_Math2,NA,CP_Math3
CP_Math1,CP_Math2,H_Math3,H_Calc
CP_Math1,CP_Math2,CP_Math3,CP_AdvAlgFin
H_Math1,CP_Math2,H_Math4,H_Calc
CP_Math1,CP_Math2,CP_Math3,CP_Math4
H_Math2,H_Math3,H_Math4,H_Calc
CP_Math1,CP_Math2,CP_Math3,CP_Math4
CP_Math1,CP_Math2,CP_Math3,CP_Math4
H_Math1,CP_Math2,CP_Math3,CP_Math4
H_Math2,H_Math3,H_Math4,DE_DSU_MTSC122
CP_Math1,CP_Math2,CP_Math3,CP_Math4
CP_Math1,CP_Math2,NA,NA
H_Math3,AP_Stats,AP_CalcAB,DE_DSU_MTSC122
CP_Math1,NA,H_Math3,H_Math4
H_Math3,H_Math4,DE_DSU_MTSC122,H_Calc
CP_Math1,CP_Math2,CP_Math3,NA
CP_Math1,H_Math2,H_Math3,H_Math4
CP_Math1,CP_Math2,CP_Math3,CP_AdvAlgFin
CP_Math1,NA,NA,CP_Math3
CP_Math1,CP_Math2,NA,CP_Math4
CP_Math1,CP_Math2,CP_Math3,H_Math4
CP_Math1,CP_Math2,CP_Math3,CP_Math4
CP_Math1,NA,CP_Math2,CP_AdvAlgFin
H_Math2,H_Math3,H_Math4,CP_StatsProb
H_Math2,H_Math3,H_Math4,CP_StatsSports
CP_Math1,CP_Math2,CP_Math3,CP_AdvAlgFin
CP_Math1,CP_Math2,CP_Math3,CP_Math4
CP_Math1,NA,NA,NA
CP_Math1,CP_Math2,NA,NA
CP_Math1,CP_Math2,H_Math3,H_Math4
H_Math1,H_Math2,H_Math3,H_Math4
H_Math1,H_Math2,H_Math3,H_Math4
CP_Math1,CP_Math2,CP_Math3,CP_Math4
H_Math2,H_Math3,H_Math4,CP_StatsProb
H_Math2,H_Math4,H_Calc,CP_StatsProb
CP_Math1,CP_Math2,H_Math3,H_Math4
CP_Math1,CP_Math2,NA,NA
H_Math2,H_Math3,H_Math4,AP_CalcAB
CP_Math1,NA,CP_Math2,CP_Math3A
CP_Math1,NA,CP_Math3,CP_Math4
H_Math2,H_Math3,H_Math4,H_Calc
CP_Math1,CP_Math2,CP_Math3,CP_Math4
H_Math2,H_Math3,H_Math4,H_Calc
H_Math2,H_Math3,H_Math4,DE_DSU_MTSC122
H_Math1,NA,NA,NA
H_Math2,H_Math4,AP_Stats,H_Calc
CP_Math1,CP_Math2,CP_Math3,CP_Math4
CP_Math1,NA,NA,CP_Math4
H_Math2,H_Math4,AP_CalcAB,AP_Stats
CP_Math1,CP_Math2,CP_Math3,CP_AdvAlgFin
H_Math2,H_Math3,H_Math4,H_Calc
H_Math1,H_Math2,H_Math3,H_Math4
H_Math2,H_Math3,CP_Math4,CP_StatsSports
CP_Math1,CP_Math2,CP_Math3,CP_Math4
CP_Math2,H_Math3,H_Math4,CP_AdvAlgFin
H_Math2,H_Math3,H_Math4,DE_DSU_MTSC122
CP_Math1,H_Math2,H_Math3,H_Math4
H_Math2,H_Math3,H_Math4,CP_AdvAlgFin
H_Math2,H_Math3,H_Math4,CP_StatsSports
CP_Math1,CP_Math2,H_Math3,H_Math4
H_Math1,H_Math2,CP_Math3,CP_Math4
H_Math2,H_Math3,H_Math4,H_Calc
H_Math2,H_Math3,H_Math4,H_Calc
H_Math1,H_Math2,H_Math3,H_Math4
CP_Math1,CP_Math2,CP_Math3,CP_AdvAlgFin
H_Math2,H_Math4,H_Calc,AP_Stats
CP_Math1,CP_Math2,CP_Math3,H_Math4
H_Math1,H_Math2,H_Math3,H_Math4
CP_Math1,CP_Math2,NA,NA
H_Math2,H_Math4,AP_Stats,AP_CalcAB
H_Math3,H_Math4,AP_CalcAB,AP_CalcBC
H_Math1,H_Math2,H_Math3,H_Math4
CP_Math1,CP_Math2,CP_Math3A,CP_Math3B
H_Math2,H_Math3,H_Math4,CP_StatsSports
CP_Math1,NA,CP_Math2,CP_AdvAlgFin
H_Math2,H_Math3,H_Math4,H_Calc
CP_Math1,H_Math3,H_Math4,CP_StatsSports
H_Math2,H_Math3,H_Math4,CP_AdvAlgFin
H_Math2,H_Math4,AP_CalcAB,DE_DSU_MTSC122
H_Math2,H_Math4,H_Calc,AP_CalcAB
H_Math2,H_Math3,H_Math4,H_Calc
H_Math2,H_Math4,AP_Stats,H_Calc
H_Math1,H_Math3,H_Math4,H_Calc
H_Math3,AP_Stats,AP_CalcAB,AP_CalcBC
H_Math1,H_Math3,H_Math4,CP_AdvAlgFin
H_Math2,H_Math3,H_Math4,CP_StatsSports
H_Math1,NA,NA,NA
NA,H_Math2,H_Math3,CP_StatsSports
NA,CP_Math2,H_Math3,H_Calc
NA,H_Math2,H_Math4,AP_CalcAB
NA,CP_Math2,CP_Math3,CP_Math4
NA,H_Math3,H_Math4,AP_CalcAB
NA,H_Math2,H_Math3,CP_StatsProb
NA,CP_Math3,H_Math4,DE_DSU_MTSC122
NA,CP_Math2,CP_Math3,CP_Math4
NA,H_Math4,AP_CalcAB,AP_CalcBC
NA,H_Math2,H_Math3,H_Math4
NA,H_Math3,H_Math4,AP_Stats
NA,CP_Math3,CP_Math4,CP_StatsProb
NA,H_Math2,H_Math4,H_Calc
NA,CP_Math3,CP_Math4,CP_AdvAlgFin
NA,H_Math3,H_Math4,AP_CalcAB
NA,H_Math2,CP_Math4,CP_StatsProb
NA,CP_Math2,NA,CP_AdvAlgFin
NA,CP_IMP2,CP_Math3,CP_AdvAlgFin
NA,H_Math4,AP_CalcAB,CP_AdvAlgFin
NA,CP_Math2,CP_Math3,CP_AdvAlgFin
NA,CP_Math3,H_Math4,CP_StatsSports
NA,H_Math2,H_Math3,H_Math4
NA,CP_Math3,H_Math4,H_Calc
NA,CP_Math1,CP_Math3,CP_AdvAlgFin
NA,CP_Math2,H_Math3,H_Math4
NA,CP_Math2,NA,NA
NA,CP_GeomA,H_Math3,H_Math4
NA,CP_Math2,CP_Math3,CP_Math4
NA,CP_Math2,H_Math3,H_Calc
NA,CP_Math3,CP_Math4,CP_AdvAlgFin
NA,CP_Math3,H_Math4,CP_AdvAlgFin
NA,CP_Math2,CP_Math3,CP_Math4
NA,H_Math3,H_Math4,AP_CalcAB
NA,CP_Math2,CP_Math3,CP_Math4
NA,NA,CP_Math2,CP_AdvAlgFin
NA,NA,CP_Math3,NA
NA,NA,CP_Math3,CP_AdvAlgFin
NA,NA,CP_Math2,CP_Math4
NA,NA,CP_Math3,NA
NA,NA,H_Math3,H_Math4
NA,NA,CP_Math3,H_Math4
NA,NA,CP_Math3A,CP_Math3B
NA,NA,CP_AdvAlgFin,CP_StatsProb
NA,NA,CP_Math3,CP_StatsSports
NA,NA,CP_Math3,H_Math4
NA,NA,CP_Math3,CP_AdvAlgFin
NA,NA,H_Math3,H_Math4
NA,NA,H_Math4,AP_Stats
NA,NA,CP_Math3,CP_AdvAlgFin
NA,NA,CP_Math2,CP_AdvAlgFin
NA,NA,NA,CP_Math4
NA,NA,NA,CP_Math4
NA,NA,NA,CP_Math4
NA,NA,NA,CP_StatsProb
NA,NA,NA,CP_AdvAlgFin
NA,NA,NA,CP_Math4
NA,NA,NA,CP_AdvAlgFin
NA,NA,NA,CP_StatsProb
NA,NA,NA,CP_Math4
NA,NA,NA,CP_AdvAlgFin
NA,NA,NA,CP_Math3
NA,NA,NA,CP_AdvAlgFin
NA,NA,NA,CP_Math4
NA,NA,NA,AP_CalcAB
NA,NA,NA,CP_Math3
NA,NA,NA,AP_Stats
NA,NA,NA,CP_AdvAlgFin
NA,NA,NA,CP_AdvAlgFin
NA,NA,NA,CP_AdvAlgFin
NA,NA,NA,H_Math4
NA,NA,NA,CP_AdvAlgFin
NA,NA,NA,CP_StatsProb
